Product,Price
WE BUY COMPUTER NETWORKING TRANSEIVERS SFP/GLC/QSFP/CPAKS/ONS & MORE$,$0
2gb GDDR3-1333 RAM x5 | Untested,$25
Laptop DDR3/DDR3L RAM lot | 17x2Gb 1600MHz (12800S) | Untested,$30
free computer display,$0
"22"" Computer Monitor",$35
Laptop DDR3 RAM lot | 7x4Gb 1333+1600MHz (10600S+12800S) | Untested,$55
Laptop 3x4Gb DDR3L RAM (1600MHz) | Untested,$25
Laptop 3x8Gb DDR3L RAM (1333MHz MAC+1600MHz) | Untested,$50
Toshiba 500GB Sata HDD,$20
Laptop 2x8Gb DDR3-1600 RAM | Untested,$35
Laptop DDR3 RAM lot | 26x2Gb 1066MHz (8500S) | Untested,$40
Laptop DDR3 RAM lot | 97x2Gb 1333MHz (10600S) | Untested,$200
Juniper EX3300-48T 48-Port 10/100/1000BaseT with 4 SFP+ 1/10G Ports,$300
Asus HD6450 GPU Video Card,$25
Computer Desk Cart w/ Keyboard Tray on Wheels - NEW IN BOX ($169+ reg),$100
48 in Rustic Oak 2 Drawer Writing or Computer Desk with Storage,$150
DDR3 RAM lot | 244x2Gb 1333MHz (10600U) | Untested,$475
G.Skill Sniper 2x4Gb DDR3-1866 | Untested,$25
3 good working laptop 80gb SATA hard drives,$20
Power Purifier / Surge Protector - Bantam PP300,$50
PC towers and parts,$20
NEW Dell Inspiron laptop 1545 and 1525 batteries,$10
"4GB total, matched 2GB pairs DDR3 SoDimm Memory for Laptop",$10
Laptop AC adapters $2 and up,$2
"4GB total, matched 2GB pairs DDR2 SoDimm Memory for Laptop",$10
"Lot of Internal 3.5"" Hard Drives, SATA, tested working",$10
3x 4 GB DDR4 RAM 2400 - CHEAP,$50
Mac Bluetooth trackpad Gen1,$5
Mac Bluetooth keyboard Gen1,$5
DDR3 RAM lot | 48x2Gb 1066MHz (8500U/R/E) | Untested,$100
Pny gtx 1050ti,$100
Gtx 1070,$220
Evga gtx 970 ssc,$120
DDR3 RAM lot | 20x4Gb 1600+1333MHz (12800U + 10600U) | Untested,$160
DDR3 RAM lot | 39x1Gb 1333+1066MHz (10600U + 8500U) | Untested,$20
Dell Pentium 4 Computer,$60
Arduino,$80
Klipsch computer sub,$50
Computer Speakers - JBL Pro,$25
AMD FX Processor black edition,$150
Computer cooler,$25
M5A99FX Pro R2.0 Motherboard,$250
Computer Desk for Sale!,$40
Logitech M317 Wireless Mouse - Floral,$6
Netgear Power Supply AD2003F10 = 332-10631-01,$15
AMD Vega 56,$200
512 MB NVIDIA GeForce 310 DMS-59,$50
selling corsair rm650i and corsair carbide 400c 200 for both,$0
Raidmax Smilodon mid tower computer case with Thermaltake 530watt psu,$50
PRINTER INK CARTRIDGES,$40
Linksys AC Adapter ITE Power Supply 12VDC 1200mA Model AD12/1.2,$15
Linksys Power Supply AD12V/1A-SW,$12
APC UPS USB Data Cable 940-0127E,$15
Phone System/ Surveillance Cameras For Sale,$0
Telephone/ Voice Mail Systems/ IP Surveillance Cameras,$0
Holiday Stationary / Copy Paper & Adhesive Address Labels,$1
2015 Ford Mustang EcoBoost Coupe,$16900
2009 Dodge Ram 1500 SLT Crew Cab 4WD,$11900
2014 Honda Civic EX-L Sedan CVT,$11900
2007 Acura MDX Tech Package,$5900
Honda Gas Generator - EM5000EX,$2200
Up for Trade is these Sony 65 inch TVs from  refurb division of Sony,$0
Multi-station Bluetooth Phones,$40
Autel Maxisys Elite Diagnostic Scan Tool System - Nearly New - J2534,$2250
Selling 12GB of DDR4,$75
Intel Core i3 Desktop w/ Monitor,$130
2017 GMC Acadia Denali AWD,$28995
2016 Ford Explorer Sport 4WD,$23995
2014 Chevrolet Cruze LS Auto,$7995
"Apple MacBook Pro 2011 13"" - $350",$350
"30,000 NO Duplicate best version karaoke songs!",$250
Scuba pro set,$2000
New dresser/tv stand and computer desk,$300
1996 BMW 328iC Convertible,$3300
Definitive Technology W Studio Soundbar/Subwoofer Home Theater,$300
üèÜ FIRESTICK CHAMPS! FRREEE JAILBREAK! - SEE HOW! üëÄ,$0
2014 Nissan Pathfinder SL 4WD,$14691
2014 Mazda MAZDA3 i Touring AT 5-Door,$11000
2009 Cadillac Escalade Hybrid 4WD,$16800
2014 Mercedes-Benz M-Class ML350 BlueTEC,$17494
2012 BMW 5-Series Gran Turismo 550i xDrive,$17700
2011 Porsche Cayenne Base,$16498
1998 Chevrolet Corvette Coupe,$10000
2014 Toyota RAV4 LE AWD,$11500
2013 Land Rover Range Rover Evoque Pure Premium 5-Door,$17000
2012 Jeep Wrangler Sahara 4WD,$19500
2014 Kia Soul !,$11261
2011 Volkswagen Tiguan 2.0T SEL 4MOTION,$9500
2011 Honda CR-V EX-L 4WD 5-Speed AT,$9500
2015 BMW X3 xDrive28d,$17400
2012 Infiniti FX35 AWD 4dr,$10500
2015 Subaru WRX 4dr Sdn Man,$16000
2014 Subaru XV Crosstrek 2.0 Limited,$13399
2013 Honda CR-V EX 2WD 5-Speed AT,$12894
2013 Jeep Grand Cherokee Overland 4WD,$14700
2013 Chevrolet Equinox 1LT AWD,$9800
2013 Honda Pilot EX-L 4WD 5-Spd AT,$15000
2012 Chevrolet Traverse LT AWD,$8995
2012 Toyota Venza LE I4 AWD,$10994
2012 Nissan Murano SL,$10994
2013 Kia Optima EX,$8500
2011 Nissan Sentra SE-R,$6800
2011 Mercedes-Benz E-Class E350 Sedan 4MATIC,$13000
Belkin 1394 cable,$10
Intermodal Dispatcher needed,$0
2008 Mercedes c300 4matic,$6999
Motorola Surfboard SB6141 DOCSIS 3.0 High-Speed Cable Modem,$25
Vonage VOIP Base Unit VDV-23-VD,$10
Apple cables,$20
1985 Honda Goldwing Limited Edition 1200,$2850
2007 Sprinter RV,$15995
2010 RAM 2500 Power Wagon Crew Cab 4WD,$13900
2007 Acura MDX Tech Package,$5900
Tumi Alpha T-Pass Organizer Brown Leather Briefcase,$250
Power Lift Recliner,$600
"Sale Computers, new furniture, tools, toys",$0
BIG LED WALL SCREEN(15Panels)7x11(P5),$9800
APC Back-UPS 750VA UPS Battery Backup & Surge Protector (BE750G),$45
Tripp-Lite Smart1500LCDT Battery Back-Up UPS,$59
Belkin F6C750-AVR (750VA) Battery Backup UPS,$10
